{
  "__inputs": [
    {
      "name": "DS_ZABBIX",
      "label": "Zabbix",
      "description": "",
      "type": "datasource",
      "pluginId": "alexanderzobnin-zabbix-datasource",
      "pluginName": "Zabbix"
    },
    {
      "name": "DS_MYSQL-ZABBIX",
      "label": "MySQL-Zabbix",
      "description": "",
      "type": "datasource",
      "pluginId": "mysql",
      "pluginName": "MySQL"
    }
  ],
  "__elements": {},
  "__requires": [
    {
      "type": "datasource",
      "id": "alexanderzobnin-zabbix-datasource",
      "name": "Zabbix",
      "version": "1.0.0"
    },
    {
      "type": "panel",
      "id": "alexanderzobnin-zabbix-triggers-panel",
      "name": "Zabbix Problems",
      "version": ""
    },
    {
      "type": "grafana",
      "id": "grafana",
      "name": "Grafana",
      "version": "10.4.6"
    },
    {
      "type": "datasource",
      "id": "mysql",
      "name": "MySQL",
      "version": "1.0.0"
    },
    {
      "type": "panel",
      "id": "stat",
      "name": "Stat",
      "version": ""
    },
    {
      "type": "panel",
      "id": "table",
      "name": "Table",
      "version": ""
    },
    {
      "type": "panel",
      "id": "text",
      "name": "Text",
      "version": ""
    }
  ],
  "annotations": {
    "list": [
      {
        "builtIn": 1,
        "datasource": {
          "type": "grafana",
          "uid": "-- Grafana --"
        },
        "enable": true,
        "hide": true,
        "iconColor": "rgba(0, 211, 255, 1)",
        "name": "Annotations & Alerts",
        "type": "dashboard"
      }
    ]
  },
  "description": "Desenvolvido por: Bee Solutions\nAutor: Fernando Almondes\nhttps://t.me/beesolutions",
  "editable": true,
  "fiscalYearStartMonth": 0,
  "graphTooltip": 0,
  "id": null,
  "links": [],
  "liveNow": false,
  "panels": [
    {
      "datasource": {
        "type": "alexanderzobnin-zabbix-datasource",
        "uid": "${DS_ZABBIX}"
      },
      "gridPos": {
        "h": 4,
        "w": 2,
        "x": 0,
        "y": 0
      },
      "id": 2,
      "options": {
        "code": {
          "language": "plaintext",
          "showLineNumbers": false,
          "showMiniMap": false
        },
        "content": "<center>\n<a target=\"new_blank\" href=\"https://beesolutions.com.br\"><img style=\" width=\"100\" height=\"80\" \" src=\"https://beesolutions.com.br/static/home/images/bee/so-logo.png\">\n<p>\n<h5>BEE SOLUTIONS</h5>\n</a>\n</center>",
        "mode": "markdown"
      },
      "pluginVersion": "10.4.6",
      "targets": [
        {
          "application": {
            "filter": ""
          },
          "countTriggersBy": "",
          "datasource": {
            "type": "alexanderzobnin-zabbix-datasource",
            "uid": "${DS_ZABBIX}"
          },
          "evaltype": "0",
          "functions": [],
          "group": {
            "filter": ""
          },
          "host": {
            "filter": ""
          },
          "item": {
            "filter": ""
          },
          "itemTag": {
            "filter": ""
          },
          "macro": {
            "filter": ""
          },
          "options": {
            "count": false,
            "disableDataAlignment": false,
            "showDisabledItems": false,
            "skipEmptyValues": false,
            "useTrends": "default",
            "useZabbixValueMapping": false
          },
          "proxy": {
            "filter": ""
          },
          "queryType": "0",
          "refId": "A",
          "resultFormat": "time_series",
          "schema": 12,
          "table": {
            "skipEmptyValues": false
          },
          "tags": {
            "filter": ""
          },
          "textFilter": "",
          "trigger": {
            "filter": ""
          }
        }
      ],
      "type": "text"
    },
    {
      "datasource": {
        "type": "mysql",
        "uid": "${DS_MYSQL-ZABBIX}"
      },
      "fieldConfig": {
        "defaults": {
          "color": {
            "mode": "thresholds"
          },
          "displayName": "Consolidado de Switches (Geral) 🚀",
          "mappings": [],
          "thresholds": {
            "mode": "absolute",
            "steps": [
              {
                "color": "#162134",
                "value": null
              }
            ]
          }
        },
        "overrides": []
      },
      "gridPos": {
        "h": 1,
        "w": 12,
        "x": 2,
        "y": 0
      },
      "id": 17,
      "options": {
        "colorMode": "background",
        "graphMode": "none",
        "justifyMode": "auto",
        "orientation": "auto",
        "reduceOptions": {
          "calcs": [
            "lastNotNull"
          ],
          "fields": "/.*/",
          "values": false
        },
        "showPercentChange": false,
        "textMode": "name",
        "wideLayout": true
      },
      "pluginVersion": "10.4.6",
      "targets": [
        {
          "dataset": "performance_schema",
          "datasource": {
            "type": "mysql",
            "uid": "${DS_MYSQL-ZABBIX}"
          },
          "editorMode": "code",
          "format": "table",
          "rawQuery": true,
          "rawSql": "select now();",
          "refId": "A",
          "sql": {
            "columns": [
              {
                "parameters": [],
                "type": "function"
              }
            ],
            "groupBy": [
              {
                "property": {
                  "type": "string"
                },
                "type": "groupBy"
              }
            ],
            "limit": 50
          }
        }
      ],
      "type": "stat"
    },
    {
      "datasource": {
        "type": "mysql",
        "uid": "${DS_MYSQL-ZABBIX}"
      },
      "fieldConfig": {
        "defaults": {
          "color": {
            "mode": "thresholds"
          },
          "displayName": "Dashboard De Switches📌",
          "mappings": [],
          "thresholds": {
            "mode": "absolute",
            "steps": [
              {
                "color": "#162134",
                "value": null
              }
            ]
          }
        },
        "overrides": []
      },
      "gridPos": {
        "h": 4,
        "w": 10,
        "x": 14,
        "y": 0
      },
      "id": 7,
      "options": {
        "colorMode": "background",
        "graphMode": "none",
        "justifyMode": "auto",
        "orientation": "auto",
        "reduceOptions": {
          "calcs": [
            "lastNotNull"
          ],
          "fields": "/.*/",
          "values": false
        },
        "showPercentChange": false,
        "textMode": "name",
        "wideLayout": true
      },
      "pluginVersion": "10.4.6",
      "targets": [
        {
          "dataset": "performance_schema",
          "datasource": {
            "type": "mysql",
            "uid": "${DS_MYSQL-ZABBIX}"
          },
          "editorMode": "code",
          "format": "table",
          "rawQuery": true,
          "rawSql": "select now();",
          "refId": "A",
          "sql": {
            "columns": [
              {
                "parameters": [],
                "type": "function"
              }
            ],
            "groupBy": [
              {
                "property": {
                  "type": "string"
                },
                "type": "groupBy"
              }
            ],
            "limit": 50
          }
        }
      ],
      "type": "stat"
    },
    {
      "datasource": {
        "type": "mysql",
        "uid": "${DS_MYSQL-ZABBIX}"
      },
      "fieldConfig": {
        "defaults": {
          "color": {
            "fixedColor": "dark-blue",
            "mode": "fixed"
          },
          "mappings": [],
          "thresholds": {
            "mode": "absolute",
            "steps": [
              {
                "color": "green",
                "value": null
              }
            ]
          }
        },
        "overrides": []
      },
      "gridPos": {
        "h": 3,
        "w": 4,
        "x": 2,
        "y": 1
      },
      "id": 18,
      "options": {
        "colorMode": "background",
        "graphMode": "area",
        "justifyMode": "auto",
        "orientation": "auto",
        "reduceOptions": {
          "calcs": [
            "lastNotNull"
          ],
          "fields": "",
          "values": false
        },
        "showPercentChange": false,
        "textMode": "auto",
        "wideLayout": true
      },
      "pluginVersion": "10.4.6",
      "targets": [
        {
          "dataset": "performance_schema",
          "datasource": {
            "type": "mysql",
            "uid": "${DS_MYSQL-ZABBIX}"
          },
          "editorMode": "code",
          "format": "table",
          "rawQuery": true,
          "rawSql": "#SELECT count(it.itemid) \"Switches Total\"\r\n#FROM items it\r\n#INNER JOIN hosts ht ON (it.hostid = ht.hostid and ht.name in ($host))\r\n#LEFT JOIN history_uint hu ON (hu.itemid = it.itemid)\r\n#where it.status = 0\r\n#and it.itemid in (SELECT itemid FROM items WHERE name LIKE '%ICMP ping%') and hu.value in (1,0);\r\n\r\nselect count(it.itemid) \"Switches Total\" from items it\r\ninner join hosts ht on ht.hostid = it.hostid\r\ninner join functions f on it.itemid = f.itemid\r\ninner join triggers tg on tg.triggerid = f.triggerid\r\nwhere it.key_ in ('icmpping') and ht.status = 0 and ht.flags in (0,4) and it.status = 0 and tg.status = 0 and tg.state = 0 and tg.value in (0,1);",
          "refId": "A",
          "sql": {
            "columns": [
              {
                "parameters": [],
                "type": "function"
              }
            ],
            "groupBy": [
              {
                "property": {
                  "type": "string"
                },
                "type": "groupBy"
              }
            ],
            "limit": 50
          }
        }
      ],
      "type": "stat"
    },
    {
      "datasource": {
        "type": "mysql",
        "uid": "${DS_MYSQL-ZABBIX}"
      },
      "fieldConfig": {
        "defaults": {
          "color": {
            "fixedColor": "dark-green",
            "mode": "fixed"
          },
          "mappings": [],
          "thresholds": {
            "mode": "absolute",
            "steps": [
              {
                "color": "green",
                "value": null
              }
            ]
          }
        },
        "overrides": []
      },
      "gridPos": {
        "h": 3,
        "w": 4,
        "x": 6,
        "y": 1
      },
      "id": 19,
      "options": {
        "colorMode": "background",
        "graphMode": "area",
        "justifyMode": "auto",
        "orientation": "auto",
        "reduceOptions": {
          "calcs": [
            "lastNotNull"
          ],
          "fields": "",
          "values": false
        },
        "showPercentChange": false,
        "textMode": "auto",
        "wideLayout": true
      },
      "pluginVersion": "10.4.6",
      "targets": [
        {
          "dataset": "performance_schema",
          "datasource": {
            "type": "mysql",
            "uid": "${DS_MYSQL-ZABBIX}"
          },
          "editorMode": "code",
          "format": "table",
          "rawQuery": true,
          "rawSql": "#SELECT count(it.itemid) \"Switches Onlines\"\r\n#FROM items it\r\n#INNER JOIN hosts ht ON (it.hostid = ht.hostid and ht.name in ($host))\r\n#LEFT JOIN history_uint hu ON (hu.itemid = it.itemid)\r\n#where it.status = 0\r\n#and it.itemid in (SELECT itemid FROM items WHERE name LIKE '%ICMP ping%') and hu.value in (1);\r\n\r\nselect count(it.itemid) \"Switches Onlines\" from items it\r\ninner join hosts ht on ht.hostid = it.hostid\r\ninner join functions f on it.itemid = f.itemid\r\ninner join triggers tg on tg.triggerid = f.triggerid\r\nwhere it.key_ in ('icmpping') and ht.status = 0 and ht.flags in (0,4) and it.status = 0 and tg.status = 0 and tg.state = 0 and tg.value in (0);",
          "refId": "A",
          "sql": {
            "columns": [
              {
                "parameters": [],
                "type": "function"
              }
            ],
            "groupBy": [
              {
                "property": {
                  "type": "string"
                },
                "type": "groupBy"
              }
            ],
            "limit": 50
          }
        }
      ],
      "type": "stat"
    },
    {
      "datasource": {
        "type": "mysql",
        "uid": "${DS_MYSQL-ZABBIX}"
      },
      "fieldConfig": {
        "defaults": {
          "color": {
            "fixedColor": "dark-red",
            "mode": "fixed"
          },
          "mappings": [],
          "thresholds": {
            "mode": "absolute",
            "steps": [
              {
                "color": "green",
                "value": null
              }
            ]
          }
        },
        "overrides": []
      },
      "gridPos": {
        "h": 3,
        "w": 4,
        "x": 10,
        "y": 1
      },
      "id": 20,
      "options": {
        "colorMode": "background",
        "graphMode": "area",
        "justifyMode": "auto",
        "orientation": "auto",
        "reduceOptions": {
          "calcs": [
            "lastNotNull"
          ],
          "fields": "",
          "values": false
        },
        "showPercentChange": false,
        "textMode": "auto",
        "wideLayout": true
      },
      "pluginVersion": "10.4.6",
      "targets": [
        {
          "dataset": "performance_schema",
          "datasource": {
            "type": "mysql",
            "uid": "${DS_MYSQL-ZABBIX}"
          },
          "editorMode": "code",
          "format": "table",
          "rawQuery": true,
          "rawSql": "#SELECT count(it.itemid) \"Switches Offlines\"\r\n#FROM items it\r\n#INNER JOIN hosts ht ON (it.hostid = ht.hostid and ht.name in ($host))\r\n#LEFT JOIN history_uint hu ON (hu.itemid = it.itemid)\r\n#where it.status = 0\r\n#and it.itemid in (SELECT itemid FROM items WHERE name LIKE '%ICMP ping%') and hu.value in (0);\r\n\r\nselect count(it.itemid) \"Switches Offlines\" from items it\r\ninner join hosts ht on ht.hostid = it.hostid\r\ninner join functions f on it.itemid = f.itemid\r\ninner join triggers tg on tg.triggerid = f.triggerid\r\nwhere it.key_ in ('icmpping') and ht.status = 0 and ht.flags in (0,4) and it.status = 0 and tg.status = 0 and tg.state = 0 and tg.value in (1);",
          "refId": "A",
          "sql": {
            "columns": [
              {
                "parameters": [],
                "type": "function"
              }
            ],
            "groupBy": [
              {
                "property": {
                  "type": "string"
                },
                "type": "groupBy"
              }
            ],
            "limit": 50
          }
        }
      ],
      "type": "stat"
    },
    {
      "datasource": {
        "type": "mysql",
        "uid": "${DS_MYSQL-ZABBIX}"
      },
      "fieldConfig": {
        "defaults": {
          "color": {
            "mode": "thresholds"
          },
          "custom": {
            "align": "center",
            "cellOptions": {
              "type": "color-background"
            },
            "filterable": true,
            "inspect": false
          },
          "fieldMinMax": false,
          "mappings": [],
          "noValue": "-",
          "thresholds": {
            "mode": "absolute",
            "steps": [
              {
                "color": "#173c48",
                "value": null
              }
            ]
          }
        },
        "overrides": [
          {
            "matcher": {
              "id": "byName",
              "options": "Zabbix Agent"
            },
            "properties": [
              {
                "id": "mappings",
                "value": [
                  {
                    "options": {
                      "0": {
                        "color": "dark-red",
                        "index": 1,
                        "text": "Down"
                      },
                      "1": {
                        "color": "dark-green",
                        "index": 0,
                        "text": "Up"
                      }
                    },
                    "type": "value"
                  }
                ]
              }
            ]
          },
          {
            "matcher": {
              "id": "byName",
              "options": "CPU (%)"
            },
            "properties": [
              {
                "id": "unit",
                "value": "percent"
              },
              {
                "id": "custom.cellOptions",
                "value": {
                  "mode": "gradient",
                  "type": "gauge",
                  "valueDisplayMode": "text"
                }
              },
              {
                "id": "max",
                "value": 100
              },
              {
                "id": "thresholds",
                "value": {
                  "mode": "absolute",
                  "steps": [
                    {
                      "color": "dark-green",
                      "value": null
                    },
                    {
                      "color": "dark-orange",
                      "value": 50
                    },
                    {
                      "color": "dark-red",
                      "value": 80
                    }
                  ]
                }
              }
            ]
          },
          {
            "matcher": {
              "id": "byName",
              "options": "Memoria (%)"
            },
            "properties": [
              {
                "id": "custom.cellOptions",
                "value": {
                  "mode": "gradient",
                  "type": "gauge",
                  "valueDisplayMode": "text"
                }
              },
              {
                "id": "unit",
                "value": "percent"
              },
              {
                "id": "max",
                "value": 100
              },
              {
                "id": "thresholds",
                "value": {
                  "mode": "absolute",
                  "steps": [
                    {
                      "color": "dark-green",
                      "value": null
                    },
                    {
                      "color": "dark-orange",
                      "value": 50
                    },
                    {
                      "color": "dark-red",
                      "value": 90
                    }
                  ]
                }
              }
            ]
          },
          {
            "matcher": {
              "id": "byName",
              "options": "Temperatura (Cº)"
            },
            "properties": [
              {
                "id": "thresholds",
                "value": {
                  "mode": "absolute",
                  "steps": [
                    {
                      "color": "dark-green",
                      "value": null
                    },
                    {
                      "color": "dark-orange",
                      "value": 40
                    },
                    {
                      "color": "dark-red",
                      "value": 70
                    }
                  ]
                }
              },
              {
                "id": "unit",
                "value": "celsius"
              }
            ]
          },
          {
            "matcher": {
              "id": "byName",
              "options": "Ping"
            },
            "properties": [
              {
                "id": "mappings",
                "value": [
                  {
                    "options": {
                      "0": {
                        "color": "dark-red",
                        "index": 1,
                        "text": "Down"
                      },
                      "1": {
                        "color": "dark-green",
                        "index": 0,
                        "text": "Up"
                      }
                    },
                    "type": "value"
                  }
                ]
              }
            ]
          },
          {
            "matcher": {
              "id": "byName",
              "options": "Percas (%)"
            },
            "properties": [
              {
                "id": "unit",
                "value": "percent"
              },
              {
                "id": "custom.cellOptions",
                "value": {
                  "type": "gauge"
                }
              },
              {
                "id": "max",
                "value": 100
              },
              {
                "id": "thresholds",
                "value": {
                  "mode": "absolute",
                  "steps": [
                    {
                      "color": "dark-green",
                      "value": null
                    },
                    {
                      "color": "dark-orange",
                      "value": 30
                    },
                    {
                      "color": "dark-red",
                      "value": 80
                    }
                  ]
                }
              },
              {
                "id": "custom.width",
                "value": 152
              }
            ]
          },
          {
            "matcher": {
              "id": "byName",
              "options": "Uptime"
            },
            "properties": [
              {
                "id": "unit",
                "value": "dtdhms"
              }
            ]
          },
          {
            "matcher": {
              "id": "byName",
              "options": "Latencia (ms)"
            },
            "properties": [
              {
                "id": "unit",
                "value": "s"
              },
              {
                "id": "thresholds",
                "value": {
                  "mode": "absolute",
                  "steps": [
                    {
                      "color": "dark-green",
                      "value": null
                    },
                    {
                      "color": "dark-orange",
                      "value": 0.015
                    },
                    {
                      "color": "dark-red",
                      "value": 0.04
                    }
                  ]
                }
              }
            ]
          },
          {
            "matcher": {
              "id": "byName",
              "options": "Host"
            },
            "properties": [
              {
                "id": "custom.width",
                "value": 269
              }
            ]
          }
        ]
      },
      "gridPos": {
        "h": 22,
        "w": 24,
        "x": 0,
        "y": 4
      },
      "id": 16,
      "options": {
        "cellHeight": "sm",
        "footer": {
          "countRows": false,
          "enablePagination": true,
          "fields": "",
          "reducer": [
            "sum"
          ],
          "show": false
        },
        "showHeader": true,
        "sortBy": []
      },
      "pluginVersion": "10.4.6",
      "targets": [
        {
          "dataset": "zabbix",
          "datasource": {
            "type": "mysql",
            "uid": "${DS_MYSQL-ZABBIX}"
          },
          "editorMode": "code",
          "format": "table",
          "rawQuery": true,
          "rawSql": "SELECT ht.name host,\r\nMAX(CASE WHEN it.name LIKE '%ICMP ping%' THEN hu.value END) AS 'ping',\r\nMAX(CASE WHEN it.name LIKE '%ICMP loss%' THEN h.value END) AS 'loss',\r\nMAX(CASE WHEN it.name LIKE '%ICMP response time%' THEN h.value END) AS 'response',\r\nCOALESCE(MAX(CASE WHEN it.name LIKE '%Active CPU load last 1 minute%' THEN hu.value END),MAX(CASE WHEN it.name LIKE '%0: CPU%' THEN h.value END)) AS 'usecpu',\r\nMAX(CASE WHEN (it.name LIKE '%0: Memory%' or it.name LIKE '%Utilization%') THEN h.value END) AS 'usememoria',\r\nMAX(CASE WHEN (it.name LIKE '%0: Temperature%' or it.name LIKE '%Mainboard - Current Temperature%' or it.name LIKE 'CPU Core - Current Temperature') THEN h.value END) AS 'temperatura',\r\nMAX(CASE WHEN (it.name LIKE '%Device uptime%' or it.name LIKE '%Uptime (network)%') THEN hu.value END) AS 'uptime',\r\nMAX(DATE_FORMAT(CONVERT_TZ(from_unixtime(hu.clock), '+00:00', '+00:00'), '%d-%m-%Y %H:%i:%s')) AS 'ultverificacao'\r\nFROM items it\r\nINNER JOIN hosts ht ON (it.hostid = ht.hostid and ht.name in ($host) and ht.status = 0)\r\nLEFT JOIN history_uint hu ON (it.itemid = hu.itemid)\r\nLEFT JOIN history h ON (it.itemid = h.itemid)\r\n#LEFT JOIN (SELECT hu.itemid, MAX(hu.clock) AS max_clock FROM history_uint hu GROUP BY hu.itemid) AS max_hu ON (it.itemid = max_hu.itemid)\r\n#LEFT JOIN history_uint hu ON (max_hu.itemid = hu.itemid AND max_hu.max_clock = hu.clock)\r\n#LEFT JOIN (SELECT h.itemid, MAX(h.clock) AS max_clock_h FROM history h GROUP BY h.itemid) max_h ON (it.itemid = max_h.itemid)\r\n#LEFT JOIN history h ON (max_h.itemid = h.itemid AND max_h.max_clock_h = h.clock)\r\nWHERE (it.name like '%Uptime%' or it.name like '%Memory utilization%' or it.name like '%memoryFiveSecondsUtilization%' or it.name like '%Temperature%' or it.name like '%CPU%' or it.name like '%uptime%' or it.name like '%ICMP%' or it.name like '%Check Sessoes SSH - BEE%')\r\ngroup by ht.name order by ht.name;",
          "refId": "A",
          "sql": {
            "columns": [
              {
                "parameters": [],
                "type": "function"
              }
            ],
            "groupBy": [
              {
                "property": {
                  "type": "string"
                },
                "type": "groupBy"
              }
            ],
            "limit": 50
          }
        }
      ],
      "title": "Tabela Análise de Servidores (Geral)",
      "transformations": [
        {
          "id": "organize",
          "options": {
            "excludeByName": {
              "rxpower": true,
              "txpower": true
            },
            "includeByName": {},
            "indexByName": {},
            "renameByName": {
              "Interface": "",
              "bitsin": "Bits In",
              "bitsout": "Bits Out",
              "consumoin": "Consumo In",
              "consumoout": "Consumo Out",
              "descartesin": "Descartes In",
              "descartesout": "Descartes Out",
              "errosin": "Erros In",
              "errosout": "Erros Out",
              "host": "Host",
              "interface": "Interface",
              "loss": "Percas (%)",
              "numeroprocessos": "Processos",
              "ping": "Ping",
              "response": "Latencia (ms)",
              "rxpower": "Rx Power (dBm)",
              "rxpoweravg": "Rx Power Avg (dBm)",
              "speed": "Speed",
              "status": "Status",
              "statusssh": "Sessões SSH",
              "statuszabbixagent": "Zabbix Agent",
              "temperatura": "Temperatura (Cº)",
              "txpower": "Tx Power (dBm)",
              "txpoweravg": "Tx Power Avg (dBm)",
              "ultverificacao": "Ult. Verificação",
              "ultverificao": "Ult.Verificacao",
              "uptime": "Uptime",
              "usecpu": "CPU (%)",
              "usememoria": "Memoria (%)",
              "usoespaco": "Temperatura (Cº)",
              "usoin": "Uso In (%)",
              "usoout": "Uso Out (%)"
            }
          }
        }
      ],
      "type": "table"
    },
    {
      "datasource": {
        "type": "alexanderzobnin-zabbix-datasource",
        "uid": "${DS_ZABBIX}"
      },
      "gridPos": {
        "h": 9,
        "w": 24,
        "x": 0,
        "y": 26
      },
      "id": 15,
      "options": {
        "ackEventColor": "rgb(56, 219, 156)",
        "ackField": false,
        "ageField": true,
        "allowDangerousHTML": false,
        "customLastChangeFormat": false,
        "descriptionAtNewLine": false,
        "descriptionField": true,
        "fontSize": "100%",
        "highlightBackground": false,
        "highlightNewEvents": false,
        "highlightNewerThan": "1h",
        "hostField": true,
        "hostGroups": false,
        "hostProxy": false,
        "hostTechNameField": false,
        "lastChangeFormat": "",
        "layout": "table",
        "markAckEvents": false,
        "okEventColor": "rgb(56, 189, 113)",
        "opdataField": false,
        "pageSize": 5,
        "problemTimeline": true,
        "resizedColumns": [
          {
            "id": "tags",
            "value": 350
          },
          {
            "id": "name",
            "value": 519
          },
          {
            "id": "age",
            "value": 149
          },
          {
            "id": "lastchange",
            "value": 210
          },
          {
            "id": "host",
            "value": 140
          }
        ],
        "severityField": true,
        "showTags": true,
        "sortProblems": "lastchange",
        "statusField": true,
        "statusIcon": false,
        "triggerSeverity": [
          {
            "color": "rgb(108, 108, 108)",
            "priority": 0,
            "severity": "Not classified",
            "show": true
          },
          {
            "color": "rgb(120, 158, 183)",
            "priority": 1,
            "severity": "Information",
            "show": true
          },
          {
            "color": "rgb(175, 180, 36)",
            "priority": 2,
            "severity": "Warning",
            "show": true
          },
          {
            "color": "rgb(255, 137, 30)",
            "priority": 3,
            "severity": "Average",
            "show": true
          },
          {
            "color": "rgb(255, 101, 72)",
            "priority": 4,
            "severity": "High",
            "show": true
          },
          {
            "color": "rgb(215, 0, 0)",
            "priority": 5,
            "severity": "Disaster",
            "show": true
          }
        ]
      },
      "pluginVersion": "10.4.6",
      "targets": [
        {
          "application": {
            "filter": ""
          },
          "countTriggersBy": "",
          "datasource": {
            "type": "alexanderzobnin-zabbix-datasource",
            "uid": "${DS_ZABBIX}"
          },
          "evaltype": "0",
          "functions": [],
          "group": {
            "filter": "$grupo"
          },
          "host": {
            "filter": "/.*/"
          },
          "item": {
            "filter": ""
          },
          "itemTag": {
            "filter": ""
          },
          "macro": {
            "filter": ""
          },
          "options": {
            "acknowledged": 2,
            "count": false,
            "disableDataAlignment": false,
            "hostProxy": false,
            "hostsInMaintenance": false,
            "limit": 1001,
            "minSeverity": 0,
            "showDisabledItems": false,
            "skipEmptyValues": false,
            "sortProblems": "default",
            "useTimeRange": false,
            "useTrends": "default",
            "useZabbixValueMapping": false
          },
          "proxy": {
            "filter": ""
          },
          "queryType": "5",
          "refId": "A",
          "resultFormat": "time_series",
          "schema": 12,
          "showProblems": "problems",
          "table": {
            "skipEmptyValues": false
          },
          "tags": {
            "filter": ""
          },
          "textFilter": "",
          "trigger": {
            "filter": ""
          }
        }
      ],
      "title": "Alertas Ativos",
      "type": "alexanderzobnin-zabbix-triggers-panel"
    }
  ],
  "refresh": "5m",
  "schemaVersion": 39,
  "tags": [
    "bee",
    "switch",
    "consolidados"
  ],
  "templating": {
    "list": [
      {
        "current": {},
        "datasource": {
          "type": "alexanderzobnin-zabbix-datasource",
          "uid": "${DS_ZABBIX}"
        },
        "definition": "Zabbix - group",
        "hide": 0,
        "includeAll": true,
        "label": "Grupo",
        "multi": true,
        "name": "grupo",
        "options": [],
        "query": {
          "application": "",
          "group": "/.*/",
          "host": "",
          "item": "",
          "itemTag": "",
          "queryType": "group"
        },
        "refresh": 1,
        "regex": "",
        "skipUrlSync": false,
        "sort": 0,
        "type": "query"
      },
      {
        "current": {},
        "datasource": {
          "type": "alexanderzobnin-zabbix-datasource",
          "uid": "${DS_ZABBIX}"
        },
        "definition": "Zabbix - host",
        "hide": 0,
        "includeAll": true,
        "label": "Host",
        "multi": true,
        "name": "host",
        "options": [],
        "query": {
          "application": "",
          "group": "$grupo",
          "host": "/.*/",
          "item": "",
          "itemTag": "",
          "queryType": "host"
        },
        "refresh": 1,
        "regex": "/SW-/",
        "skipUrlSync": false,
        "sort": 0,
        "type": "query"
      }
    ]
  },
  "time": {
    "from": "now-1h",
    "to": "now"
  },
  "timepicker": {},
  "timezone": "browser",
  "title": "Dashboard Análise de Switches (TV) - BEE",
  "uid": "a64fc9ec-7f19-4d80-b09a-fafa0687f04c",
  "version": 5,
  "weekStart": ""
}